{"cameraMode":{"drawMode":0,"name":"Shaded","section":"Shading Mode"},"sceneLighting":true,"audioPlay":false,"sceneViewState":{"showFog":true,"showMaterialUpdate":false,"showSkybox":true,"showFlares":true,"showImageEffects":true,"showParticleSystems":true},"in2DMode":false,"pivot":{"x":2.662609577178955,"y":-8.528889656066895,"z":0.0},"rotation":{"x":-0.10579042881727219,"y":-0.12288352102041245,"z":0.013173522427678109,"w":-0.9866836667060852},"size":0.6094279885292053,"orthographic":false}