{"cameraMode":{"drawMode":0,"name":"Shaded","section":"Shading Mode"},"sceneLighting":false,"audioPlay":false,"sceneViewState":{"showFog":true,"showMaterialUpdate":false,"showSkybox":false,"showFlares":true,"showImageEffects":true,"showParticleSystems":true},"in2DMode":false,"pivot":{"x":0.0000017881393432617188,"y":1.499884843826294,"z":0.0},"rotation":{"x":-0.008762115612626076,"y":0.9782892465591431,"z":-0.20270226895809174,"w":-0.04228801280260086},"size":2.4673683643341066,"orthographic":false}